encryptedUid,name
538E78E33A3B0363FC37E393EB334103,crypto_gift_x268
4F6D456F815C8BB2C8343DAE7E51C247,Anonymous User-1e10b
A18F126DD1D9415121F1B4FA66347440,Sonminwoo
D3AFE978B3F0CD58489BC27B35906769,Anonymous User-862a62
2154D02AD930F6C6E65C507DD73CB3E7,mrwin68
633EC27B03AF7CEA79BA725D434B06B5,Ketepeng
BBFE38FA1FA9F14BE8533E0508DC8468,dinhtam94
A086AC7B587E11941378E95DD6C872C6,CryptoNifeCatchN
CD04E84B7EDE4CB4DE152B3C56C986DB,方块十三
F966C28B4B27CE2E150337E3178EB11C,Anonymous_viru
FB23E1A8B7E2944FAAEC6219BBDF8243,TreeOfAlpha1
AABD4BA2AE888DEC602027D85F12D50A,Valente1904
D03BF2BEBFCEDEE679B0EE1FA5E377C0,SommerSet33
8904B66E9DD1BB212D215B4722EDD399,Anonymous User-62f8e
